﻿{
  "apiVersion": "serving.knative.dev/v1",
  "kind": "Service",
  "metadata": {
    "annotations": {
      "run.googleapis.com/build-enable-automatic-updates": "false",
      "run.googleapis.com/build-id": "a6460cc0-8ec4-49e7-aa77-72f7f0bef668",
      "run.googleapis.com/build-image-uri": "southamerica-east1-docker.pkg.dev/avance-portal-prod-br/cloud-run-source-deploy/avance-portal",
      "run.googleapis.com/build-name": "projects/760280164025/locations/southamerica-east1/builds/a6460cc0-8ec4-49e7-aa77-72f7f0bef668",
      "run.googleapis.com/build-source-location": "gs://run-sources-avance-portal-prod-br-southamerica-east1/services/avance-portal/1768822200.02559-76b15eb2849d41838b3fbffe3740cfe5.zip#1768822200593173",
      "run.googleapis.com/client-name": "gcloud",
      "run.googleapis.com/client-version": "553.0.0",
      "run.googleapis.com/ingress": "all",
      "run.googleapis.com/ingress-status": "all",
      "run.googleapis.com/maxScale": "20",
      "run.googleapis.com/operation-id": "c499a9e6-7fa7-48f2-a963-d329868f434e",
      "run.googleapis.com/urls": "[\"https://avance-portal-760280164025.southamerica-east1.run.app\",\"https://avance-portal-6um5er6lxa-rj.a.run.app\"]",
      "serving.knative.dev/creator": "wvagners@gmail.com",
      "serving.knative.dev/lastModifier": "wvagners@gmail.com"
    },
    "creationTimestamp": "2026-01-18T17:30:45.648229Z",
    "generation": 59,
    "labels": {
      "cloud.googleapis.com/location": "southamerica-east1",
      "commit-sha": "25a52ba21047fea1111eba2e20c77b18cbc925d9",
      "gcb-build-id": "0cbe7c05-c808-41f6-893f-ceb638e38027",
      "gcb-trigger-id": "2a3dfcaa-b794-42ef-bafc-099567159df1",
      "gcb-trigger-region": "global",
      "managed-by": "gcp-cloud-build-deploy-cloud-run",
      "run.googleapis.com/satisfiesPzs": "true"
    },
    "name": "avance-portal",
    "namespace": "760280164025",
    "resourceVersion": "AAZJIFPWTpk",
    "selfLink": "/apis/serving.knative.dev/v1/namespaces/760280164025/services/avance-portal",
    "uid": "cc098ff9-a67e-4823-9f07-99f9af79df78"
  },
  "spec": {
    "template": {
      "metadata": {
        "annotations": {
          "autoscaling.knative.dev/maxScale": "2",
          "run.googleapis.com/client-name": "gcloud",
          "run.googleapis.com/client-version": "553.0.0",
          "run.googleapis.com/startup-cpu-boost": "true"
        },
        "labels": {
          "client.knative.dev/nonce": "xgesohnrbv",
          "commit-sha": "25a52ba21047fea1111eba2e20c77b18cbc925d9",
          "gcb-build-id": "0cbe7c05-c808-41f6-893f-ceb638e38027",
          "gcb-trigger-id": "2a3dfcaa-b794-42ef-bafc-099567159df1",
          "gcb-trigger-region": "global",
          "managed-by": "gcp-cloud-build-deploy-cloud-run",
          "run.googleapis.com/startupProbeType": "Default"
        }
      },
      "spec": {
        "containerConcurrency": 80,
        "containers": [
          {
            "env": [
              {
                "name": "SYNC_SECRET",
                "valueFrom": {
                  "secretKeyRef": {
                    "key": "latest",
                    "name": "SYNC_SECRET"
                  }
                }
              },
              {
                "name": "NEXTAUTH_URL",
                "value": "https://avance-portal-760280164025.southamerica-east1.run.app"
              },
              {
                "name": "PING_REDEPLOY",
                "value": "1769242247"
              }
            ],
            "image": "southamerica-east1-docker.pkg.dev/avance-portal-prod-br/cloud-run-source-deploy/avance-portal@sha256:9d35123c5633e2cd32ed73a1b538912a0a413f67a6c1d6e1515be6fe52310b93",
            "name": "avance-portal-1",
            "ports": [
              {
                "containerPort": 3000,
                "name": "http1"
              }
            ],
            "resources": {
              "limits": {
                "cpu": "1",
                "memory": "1Gi"
              }
            },
            "startupProbe": {
              "failureThreshold": 1,
              "periodSeconds": 240,
              "tcpSocket": {
                "port": 3000
              },
              "timeoutSeconds": 240
            }
          }
        ],
        "serviceAccountName": "avance-portal-run@avance-portal-prod-br.iam.gserviceaccount.com",
        "timeoutSeconds": 900
      }
    },
    "traffic": [
      {
        "latestRevision": true,
        "percent": 100
      }
    ]
  },
  "status": {
    "address": {
      "url": "https://avance-portal-6um5er6lxa-rj.a.run.app"
    },
    "conditions": [
      {
        "lastTransitionTime": "2026-01-24T11:10:54.598809Z",
        "status": "True",
        "type": "Ready"
      },
      {
        "lastTransitionTime": "2026-01-24T11:10:48.256148Z",
        "status": "True",
        "type": "ConfigurationsReady"
      },
      {
        "lastTransitionTime": "2026-01-24T11:10:54.563579Z",
        "status": "True",
        "type": "RoutesReady"
      }
    ],
    "latestCreatedRevisionName": "avance-portal-00058-fjl",
    "latestReadyRevisionName": "avance-portal-00058-fjl",
    "observedGeneration": 59,
    "traffic": [
      {
        "latestRevision": true,
        "percent": 100,
        "revisionName": "avance-portal-00058-fjl"
      }
    ],
    "url": "https://avance-portal-6um5er6lxa-rj.a.run.app"
  }
}
