﻿{
  "spec": {
    "template": {
      "spec": {
        "containers": [
          {
            "env": [
              {
                "name": "SYNC_SECRET",
                "valueFrom": {
                  "secretKeyRef": {
                    "key": "latest",
                    "name": "SYNC_SECRET"
                  }
                }
              },
              {
                "name": "NEXTAUTH_URL",
                "value": "https://avance-portal-760280164025.southamerica-east1.run.app"
              }
            ]
          }
        ]
      }
    }
  }
}
